Dataset,Accuracy Mean,Accuracy Std,F1 Mean,F1 Std,Accuracy Mean ± Std,F1 Mean ± Std,Total_Time_Seconds
dataset_8,0.9909217369345678,0.002695905864378485,0.8788021284469588,0.12652779018089003,0.9909 ± 0.0027,0.8788 ± 0.1265,50.3
