Dataset,Accuracy Mean,Accuracy Std,F1 Mean,F1 Std,Accuracy Mean ± Std,F1 Mean ± Std,Total_Time_Seconds
dataset_9,0.9699879951980792,0.00652641313737498,0.8485302022099779,0.061983854234177516,0.9700 ± 0.0065,0.8485 ± 0.0620,297.7
