Dataset,Accuracy Mean,Accuracy Std,F1 Mean,F1 Std,Accuracy Mean ± Std,F1 Mean ± Std,Total_Time_Seconds
dataset_11,0.8547418967587033,0.00671983018157129,0.21511179751640963,0.026575240339596816,0.8547 ± 0.0067,0.2151 ± 0.0266,288.22
