Dataset,Accuracy Mean,Accuracy Std,F1 Mean,F1 Std,Accuracy Mean ± Std,F1 Mean ± Std,Total_Time_Seconds
dataset_1,0.9901911568461405,0.0037519468590386552,0.8804937297646726,0.1320755084669042,0.9902 ± 0.0038,0.8805 ± 0.1321,61.05
