Dataset,Accuracy Mean,Accuracy Std,F1 Mean,F1 Std,Accuracy Mean ± Std,F1 Mean ± Std,Total_Time_Seconds
dataset_6,0.9911301786612272,0.0023722085628326214,0.979934761962509,0.009654656019160317,0.9911 ± 0.0024,0.9799 ± 0.0097,54.91
