Dataset,Accuracy Mean,Accuracy Std,F1 Mean,F1 Std,Accuracy Mean ± Std,F1 Mean ± Std,Total_Time_Seconds
dataset_14,0.9613445378151262,0.0053925187764459655,0.8586559551019419,0.030451774409007235,0.9613 ± 0.0054,0.8587 ± 0.0305,292.82
