Dataset,Accuracy Mean,Accuracy Std,F1 Mean,F1 Std,Accuracy Mean ± Std,F1 Mean ± Std,Total_Time_Seconds
dataset_4,0.8645506475299382,0.014538714727700247,0.4970027734129773,0.022797611454295395,0.8646 ± 0.0145,0.4970 ± 0.0228,50.8
